Model,FLOPs,Parameters,Model Size (MB),Average Training Loss,Average Validation Loss,Average Training Accuracy,Average Validation Accuracy
VGGNet16,15.52 GMac,134.67 M,513.7374744415283,0.451837646171321,2.301373047403992,87.86842222222222,51.0408
DenseNet,2.9 GMac,7.06 M,27.499329566955566,0.5280807397362183,1.6976207237727934,85.43217777777778,58.84960000000002
EfficientNet,390.96 MMac,4.14 M,16.06000328063965,0.45801889856113137,2.0004045084863895,87.2274666666667,53.69920000000002
NFNet,37.62 MMac,68.72 M,262.23730087280273,0.7922904611364617,2.7768713512569656,78.64044444444443,47.01339999999999
RegNet,203.22 MMac,2.83 M,10.984619140625,1.2870267733254215,2.402030771419406,65.64262222222223,43.0674
InceptionV4,6.14 GMac,41.3 M,158.09615516662598,0.41612297715041086,2.045565721690655,88.9173111111111,51.250599999999984
Resnet_50,4.13 GMac,23.71 M,90.7653980255127,0.8563407329150369,2.2232794997394074,77.90517777777775,46.29800000000001
